{"cameraMode":{"drawMode":0,"name":"Shaded","section":"Shading Mode"},"sceneLighting":true,"audioPlay":false,"sceneViewState":{"showFog":true,"showMaterialUpdate":false,"showSkybox":true,"showFlares":true,"showImageEffects":true,"showParticleSystems":true},"in2DMode":false,"pivot":{"x":2275.076171875,"y":-538.370361328125,"z":317.5342102050781},"rotation":{"x":-0.5285323262214661,"y":-0.42279717326164248,"z":0.3434256613254547,"w":-0.6512094736099243},"size":3785.375244140625,"orthographic":false}