{"cameraMode":{"drawMode":0,"name":"Shaded","section":"Shading Mode"},"sceneLighting":true,"audioPlay":false,"sceneViewState":{"showFog":true,"showMaterialUpdate":false,"showSkybox":true,"showFlares":true,"showImageEffects":true,"showParticleSystems":true},"in2DMode":false,"pivot":{"x":1452.194091796875,"y":-1830.84326171875,"z":7805.71044921875},"rotation":{"x":-0.1920454502105713,"y":0.7317179441452026,"z":-0.6124597787857056,"w":-0.22948148846626283},"size":2479.282470703125,"orthographic":false}