{"cameraMode":{"drawMode":0,"name":"Shaded","section":"Shading Mode"},"sceneLighting":false,"audioPlay":false,"sceneViewState":{"showFog":true,"showMaterialUpdate":false,"showSkybox":false,"showFlares":true,"showImageEffects":true,"showParticleSystems":true},"in2DMode":false,"pivot":{"x":172.40225219726563,"y":-3.046875,"z":-0.26076972484588625},"rotation":{"x":0.4981999397277832,"y":0.5018027424812317,"z":-0.5002983808517456,"w":0.4996977150440216},"size":276.15283203125,"orthographic":true}