{"cameraMode":{"drawMode":0,"name":"Shaded","section":"Shading Mode"},"sceneLighting":false,"audioPlay":false,"sceneViewState":{"showFog":true,"showMaterialUpdate":false,"showSkybox":false,"showFlares":true,"showImageEffects":true,"showParticleSystems":true},"in2DMode":false,"pivot":{"x":921.36279296875,"y":13.484375,"z":1796.874755859375},"rotation":{"x":-0.37205880880355837,"y":-0.6050940155982971,"z":0.592517077922821,"w":-0.3799562156200409},"size":47.202781677246097,"orthographic":true}