{"cameraMode":{"drawMode":0,"name":"Shaded","section":"Shading Mode"},"sceneLighting":false,"audioPlay":false,"sceneViewState":{"showFog":true,"showMaterialUpdate":false,"showSkybox":false,"showFlares":true,"showImageEffects":true,"showParticleSystems":true},"in2DMode":false,"pivot":{"x":904.54248046875,"y":2.2216796875,"z":1088.3974609375},"rotation":{"x":0.05767032131552696,"y":-0.9399177432060242,"z":0.2701719403266907,"w":0.20062723755836488},"size":103.86644744873047,"orthographic":true}