{"cameraMode":{"drawMode":0,"name":"Shaded","section":"Shading Mode"},"sceneLighting":false,"audioPlay":false,"sceneViewState":{"showFog":true,"showMaterialUpdate":false,"showSkybox":false,"showFlares":true,"showImageEffects":true,"showParticleSystems":true},"in2DMode":false,"pivot":{"x":0.0,"y":0.07499999552965164,"z":-9.5367431640625e-7},"rotation":{"x":0.7037625312805176,"y":0.014915012754499913,"z":-0.014781477861106396,"w":0.7101268768310547},"size":21.001237869262697,"orthographic":true}