{"cameraMode":{"drawMode":0,"name":"Shaded","section":"Shading Mode"},"sceneLighting":false,"audioPlay":false,"sceneViewState":{"showFog":true,"showMaterialUpdate":false,"showSkybox":false,"showFlares":true,"showImageEffects":true,"showParticleSystems":true},"in2DMode":false,"pivot":{"x":450.617919921875,"y":-1.7822895050048829,"z":8.236949920654297},"rotation":{"x":0.011681039817631245,"y":0.9786010980606079,"z":-0.19725140929222108,"w":0.05791401118040085},"size":72.8467025756836,"orthographic":false}