{"cameraMode":{"drawMode":0,"name":"Shaded","section":"Shading Mode"},"sceneLighting":false,"audioPlay":false,"sceneViewState":{"showFog":true,"showMaterialUpdate":false,"showSkybox":false,"showFlares":true,"showImageEffects":true,"showParticleSystems":true},"in2DMode":false,"pivot":{"x":-0.000020503997802734375,"y":2.5998196601867677,"z":0.00002002716064453125},"rotation":{"x":0.33381181955337527,"y":0.19593793153762818,"z":-0.07114757597446442,"w":0.9193024039268494},"size":38.30850601196289,"orthographic":false}