{"cameraMode":{"drawMode":0,"name":"Shaded","section":"Shading Mode"},"sceneLighting":false,"audioPlay":false,"sceneViewState":{"showFog":true,"showMaterialUpdate":false,"showSkybox":false,"showFlares":true,"showImageEffects":true,"showParticleSystems":true},"in2DMode":false,"pivot":{"x":61.366600036621097,"y":-16.40350341796875,"z":-0.20420074462890626},"rotation":{"x":0.16467484831809998,"y":0.07390359044075012,"z":-0.012374049983918667,"w":0.9835054278373718},"size":99.18448638916016,"orthographic":false}