{"cameraMode":{"drawMode":0,"name":"Shaded","section":"Shading Mode"},"sceneLighting":false,"audioPlay":false,"sceneViewState":{"showFog":true,"showMaterialUpdate":false,"showSkybox":false,"showFlares":true,"showImageEffects":true,"showParticleSystems":true},"in2DMode":false,"pivot":{"x":358.00042724609377,"y":-1040.9449462890625,"z":922.5762939453125},"rotation":{"x":-0.46571412682533266,"y":0.5316818356513977,"z":-0.4629921317100525,"w":-0.5349145531654358},"size":1795.210205078125,"orthographic":false}