{"cameraMode":{"drawMode":0,"name":"Shaded","section":"Shading Mode"},"sceneLighting":false,"audioPlay":false,"sceneViewState":{"showFog":true,"showMaterialUpdate":false,"showSkybox":false,"showFlares":true,"showImageEffects":true,"showParticleSystems":true},"in2DMode":false,"pivot":{"x":-622.3663940429688,"y":21.45654296875,"z":-71.56591033935547},"rotation":{"x":-0.445830762386322,"y":-0.5398891568183899,"z":0.5819969177246094,"w":-0.4136044383049011},"size":901.389404296875,"orthographic":false}