{"cameraMode":{"drawMode":0,"name":"Shaded","section":"Shading Mode"},"sceneLighting":false,"audioPlay":false,"sceneViewState":{"showFog":true,"showMaterialUpdate":false,"showSkybox":false,"showFlares":true,"showImageEffects":true,"showParticleSystems":true},"in2DMode":false,"pivot":{"x":437.7637023925781,"y":19.54902458190918,"z":821.7490234375},"rotation":{"x":-0.009369791485369206,"y":0.744392454624176,"z":0.010536267422139645,"w":0.6676754355430603},"size":461.2149658203125,"orthographic":false}