{"cameraMode":{"drawMode":0,"name":"Shaded","section":"Shading Mode"},"sceneLighting":true,"audioPlay":false,"sceneViewState":{"showFog":true,"showMaterialUpdate":false,"showSkybox":true,"showFlares":true,"showImageEffects":true,"showParticleSystems":true},"in2DMode":false,"pivot":{"x":2573.8759765625,"y":-2528.8232421875,"z":-1743.64208984375},"rotation":{"x":0.0324925035238266,"y":-0.8851444125175476,"z":0.4601293206214905,"w":0.06215750053524971},"size":8240.3515625,"orthographic":false}