{"cameraMode":{"drawMode":0,"name":"Shaded","section":"Shading Mode"},"sceneLighting":false,"audioPlay":false,"sceneViewState":{"showFog":true,"showMaterialUpdate":false,"showSkybox":false,"showFlares":true,"showImageEffects":true,"showParticleSystems":true},"in2DMode":false,"pivot":{"x":3544.13818359375,"y":-207.6449432373047,"z":993.2667236328125},"rotation":{"x":0.4265477955341339,"y":0.4091525375843048,"z":-0.22533254325389863,"w":0.7745265960693359},"size":385.56341552734377,"orthographic":false}