{"cameraMode":{"drawMode":0,"name":"Shaded","section":"Shading Mode"},"sceneLighting":false,"audioPlay":false,"sceneViewState":{"showFog":true,"showMaterialUpdate":false,"showSkybox":false,"showFlares":true,"showImageEffects":true,"showParticleSystems":true},"in2DMode":false,"pivot":{"x":-9.5367431640625e-7,"y":0.07499999552965164,"z":-4.76837158203125e-7},"rotation":{"x":0.33381181955337527,"y":0.19593793153762818,"z":-0.07114757597446442,"w":0.9193024039268494},"size":21.00124168395996,"orthographic":false}