{"cameraMode":{"drawMode":0,"name":"Shaded","section":"Shading Mode"},"sceneLighting":false,"audioPlay":false,"sceneViewState":{"showFog":true,"showMaterialUpdate":false,"showSkybox":false,"showFlares":true,"showImageEffects":true,"showParticleSystems":true},"in2DMode":false,"pivot":{"x":2041.9031982421875,"y":-905.699462890625,"z":881.5733642578125},"rotation":{"x":0.4524562656879425,"y":0.5474197268486023,"z":-0.4898013770580292,"w":0.5056957006454468},"size":1120.3743896484375,"orthographic":false}