{"cameraMode":{"drawMode":0,"name":"Shaded","section":"Shading Mode"},"sceneLighting":false,"audioPlay":false,"sceneViewState":{"showFog":true,"showMaterialUpdate":false,"showSkybox":false,"showFlares":true,"showImageEffects":true,"showParticleSystems":true},"in2DMode":false,"pivot":{"x":2984.132568359375,"y":-799.4613037109375,"z":705.7515258789063},"rotation":{"x":0.4524562656879425,"y":0.5474197268486023,"z":-0.4898013770580292,"w":0.5056957006454468},"size":1964.4296875,"orthographic":false}